{"avg_accuracy": 0.3219333333333333, "avg_recall": 0.3219333333333333, "avg_precision": 0.3219333333333333}