{"avg_accuracy": 0.4037333333333334, "avg_recall": 0.4037333333333334, "avg_precision": 0.4037333333333334}