{"avg_accuracy": 0.4176666666666667, "avg_recall": 0.4176666666666667, "avg_precision": 0.4176666666666667}