{"avg_accuracy": 0.23846666666666666, "avg_recall": 0.23846666666666666, "avg_precision": 0.23846666666666666}