{"avg_accuracy": 0.41240000000000004, "avg_recall": 0.41240000000000004, "avg_precision": 0.41240000000000004}