{"avg_accuracy": 0.5313333333333333, "avg_recall": 0.5313333333333333, "avg_precision": 0.5313333333333333}